Date,Open,High,Low,Close,Volume
1/1/2020 15:30:00,751.87,756.38,745.68,747.71,6402372
1/2/2020 15:30:00,748.9,763.24,748.9,760.44,8096561
1/3/2020 15:30:00,759.3,763.59,754.35,761.36,9593498
1/6/2020 15:30:00,752.86,756.78,741.97,743.7,11209343
1/7/2020 15:30:00,752.37,760.05,749.64,755.14,7627191
1/8/2020 15:30:00,750.39,760.02,747.91,749.47,7336561
1/9/2020 15:30:00,762.08,767.72,758.44,766.73,6849606
1/10/2020 15:30:00,768.66,771.66,762.6,766.56,5704686
1/13/2020 15:30:00,765.27,772.03,761.98,764.6,8358090
1/14/2020 15:30:00,762.77,767.72,753.78,757.52,7230788
1/15/2020 15:30:00,760.71,762.72,752,754.77,7231393
1/16/2020 15:30:00,757.32,764.43,756.83,761.73,5873662
1/17/2020 15:30:00,769.46,785.03,769.31,783.08,13469708
1/20/2020 15:30:00,796.95,796.95,756.03,758.98,14878868
1/21/2020 15:30:00,757.12,765.67,753.85,759.75,8650831
1/22/2020 15:30:00,764.75,766.11,758.36,759.48,4719245
1/23/2020 15:30:00,761.04,763.74,753.21,756.26,5142088
1/24/2020 15:30:00,756.33,760.96,752.15,753.63,6687633
1/27/2020 15:30:00,750.34,755.07,745.43,746.2,6120429
1/28/2020 15:30:00,747.22,747.91,724.93,728.96,11215313
1/29/2020 15:30:00,730.1,740.18,725.15,732.98,11313297
1/30/2020 15:30:00,732.56,732.9,713.24,715.1,10241756
1/31/2020 15:30:00,719.68,719.8,696.99,699.2,15886673
2/1/2020 17:00:00,696.05,706.78,681.27,681.54,10688430
2/3/2020 15:30:00,678.52,693.4,675.13,686.24,14040626
2/4/2020 15:30:00,693.43,709.52,692.34,706.5,11604666
2/5/2020 15:30:00,710.71,719.58,708.43,717.45,8444823
2/6/2020 15:30:00,720.22,726.61,713.29,722.06,7103715
2/7/2020 15:30:00,718.69,719.36,707.44,710.09,5581641
2/10/2020 15:30:00,707.3,715.96,698.6,711.06,6922631
2/11/2020 15:30:00,716.9,726.22,715.74,719.55,6400245
2/12/2020 15:30:00,721.24,730.5,720.67,728.25,6187091
2/13/2020 15:30:00,731.94,731.94,724.43,730.15,6201763
2/14/2020 15:30:00,731.69,743.68,719.73,736.82,9704655
2/17/2020 15:30:00,737.51,746,730.23,732.18,6011340
2/18/2020 15:30:00,731.02,731.02,721.86,726.81,5086964
2/19/2020 15:30:00,732.73,746.15,730.62,744.84,6438918
2/20/2020 15:30:00,741.47,746.92,734.93,736,7722577
2/24/2020 15:30:00,727.97,731.57,713.02,715.69,9769743
2/25/2020 15:30:00,718.89,718.89,698.38,701.55,12684109
2/26/2020 15:30:00,698.38,699.54,687.16,689.46,13423661
2/27/2020 15:30:00,687.48,690.36,678.07,686.62,11454300
2/28/2020 15:30:00,671.09,672.13,656.28,658.09,17973847
3/2/2020 15:30:00,671.19,678.07,644.44,651.9,13486634
3/3/2020 15:30:00,658.61,670.59,654.79,665.12,12525809
3/4/2020 15:30:00,669.65,670.54,647.81,663.56,10105782
3/5/2020 15:30:00,669.75,672.6,646.87,649.42,13948324
3/6/2020 15:30:00,629.04,638.03,614.72,629.53,15422068
3/9/2020 15:30:00,614.2,614.67,542.36,551.84,40317808
3/11/2020 15:30:00,548.8,583.69,548.8,571.36,27237627
3/12/2020 15:30:00,537.41,545.33,519.43,526.51,25588170
3/13/2020 15:30:00,494.31,564.65,466.78,547.46,33509757
3/16/2020 15:30:00,525.3,534.78,497.78,503.08,17594729
3/17/2020 15:30:00,518.71,525.02,496.89,499.27,20777442
3/18/2020 15:30:00,507.84,513.09,475.99,479.7,20450497
3/19/2020 15:30:00,455.73,478.96,441.91,454.54,28072062
3/20/2020 15:30:00,465.34,512.59,460.63,504.2,28967526
3/23/2020 15:30:00,453.8,470.54,433.71,437.87,18593713
3/24/2020 15:30:00,460.63,480.45,443.69,467.27,20919322
3/25/2020 15:30:00,477.37,570.37,477.1,536.04,33433126
3/26/2020 15:30:00,542.76,553.21,516.28,528.09,20912934
3/27/2020 15:30:00,542.36,548.45,518.19,527.8,19044644
3/30/2020 15:30:00,515.41,532.35,505.21,510.39,13820286
3/31/2020 15:30:00,531.93,559.6,519.08,551.65,20249909
4/1/2020 15:30:00,555.86,557.02,517.69,535.15,19017099
4/3/2020 15:30:00,561.9,561.9,523.19,533.67,18912044
4/7/2020 15:30:00,545.88,601.3,544.84,597.39,24859057
4/8/2020 15:30:00,584.46,608.73,574.55,590.48,22803774
4/9/2020 15:30:00,601.3,610.61,590.9,604.25,15101711
4/13/2020 15:30:00,596.32,601.8,584.46,588.99,10822871
4/15/2020 15:30:00,592.9,612.2,566.13,569.53,16147959
4/16/2020 15:30:00,569.53,588.15,567.12,578.54,17123533
4/17/2020 15:30:00,602.29,609.22,590.73,606.25,15209707
4/20/2020 15:30:00,607.24,622.6,595.36,616.06,16472339
4/21/2020 15:30:00,599.32,620.12,576.53,612.87,28057706
4/22/2020 15:30:00,653.8,685.95,643.9,675.4,65230894
4/23/2020 15:30:00,677.26,686.42,670.3,679.01,29928331
4/24/2020 15:30:00,668.74,740.46,667.27,701.85,61711388
4/27/2020 15:30:00,710.27,730.57,704.82,708.16,26736512
4/28/2020 15:30:00,718.19,720.89,689.54,707.37,35866381
4/29/2020 15:30:00,715.67,720,703.33,706.78,17141540
4/30/2020 15:30:00,720.15,740.46,712.27,726.12,32617901
5/4/2020 15:30:00,713.24,725.62,702.07,710.86,24439240
5/5/2020 15:30:00,720.02,732.56,716.81,723.47,20528706
5/6/2020 15:30:00,725.13,735.5,715.96,723.52,18510304
5/7/2020 15:30:00,720.67,749.72,715.72,746.4,22871529
5/8/2020 15:30:00,765.25,782.53,761.33,773.57,38522385
5/11/2020 15:30:00,782.58,799.92,778.77,781,30670404
5/12/2020 15:30:00,775.05,776.81,725.62,732.68,46029119
5/13/2020 15:30:00,763.5,763.5,727,748.23,30658051
5/14/2020 15:30:00,734.5,748.35,715.03,717.98,22736714
5/15/2020 15:30:00,722,733.35,707.55,729.7,28683432
5/18/2020 15:30:00,735,741,714,720.38,28981620
5/19/2020 15:30:00,728.5,730.85,701.63,704.45,19529216
5/20/2020 15:30:00,705,723.43,696.5,716.85,25530692
5/21/2020 15:30:00,717.5,730.73,712.5,720.63,18077196
5/22/2020 15:30:00,725.9,729,713.25,715.78,17458503
5/26/2020 15:30:00,724.08,724.85,708.15,712.03,15330793
5/27/2020 15:30:00,715.5,727,706,722.78,16460764
5/28/2020 15:30:00,727.5,739.88,724.5,736.13,18519252
5/29/2020 15:30:00,734,736,726.33,732.2,18471770
6/1/2020 15:30:00,740,769.18,737.98,760.18,18434065
6/2/2020 15:30:00,763,770,760.4,767.85,10224102
6/3/2020 15:30:00,772.5,780,766.68,770.83,11713666
6/4/2020 15:30:00,772,794.75,770.5,789.9,15784612
6/5/2020 15:30:00,797.5,809,786.85,790.85,15270435
6/8/2020 15:30:00,809.2,809.2,782.5,784.75,14498055
6/9/2020 15:30:00,780.15,791.5,766.5,768.58,11934073
6/10/2020 15:30:00,771.55,789.78,770.03,786.08,10214426
6/11/2020 15:30:00,783,783.98,765.5,768.85,9408283
6/12/2020 15:30:00,750,796.5,748.5,794.4,17790565
6/15/2020 15:30:00,782.5,813.48,780.55,807.28,24509162
6/16/2020 15:30:00,821.5,824.28,792.65,808.85,23623299
6/17/2020 15:30:00,804.13,817.73,801.05,807.68,19282519
6/18/2020 15:30:00,803.5,832.5,802.8,827.95,18677694
6/19/2020 15:30:00,835,894.4,831,879.7,48828852
6/22/2020 15:30:00,886.7,902.1,867.5,873.08,27781772
6/23/2020 15:30:00,875,881.88,858.05,860.45,17521196
6/24/2020 15:30:00,867.95,886.35,855.85,863.93,23808524
6/25/2020 15:30:00,863.5,874.5,856.53,858.95,18312705
6/26/2020 15:30:00,864.4,876,858.5,870.83,14270695
6/29/2020 15:30:00,864.03,869.88,857.78,861.58,11825126
6/30/2020 15:30:00,868.5,870.5,847.78,852.05,13973038
7/1/2020 15:30:00,860,874.5,854.03,868.8,13136706
7/2/2020 15:30:00,871.5,883.8,867.53,880.18,13286760
7/3/2020 15:30:00,889.9,896.5,884,893.95,13584004
7/6/2020 15:30:00,902.5,929,896.05,925.9,21698149
7/7/2020 15:30:00,930,932.18,903.15,911.73,16240102
7/8/2020 15:30:00,912.03,917.48,895,899,12093523
7/9/2020 15:30:00,904.5,917.5,893.13,912.13,16807403
7/10/2020 15:30:00,914.25,942.3,912.13,939.03,20195490
7/13/2020 15:30:00,951.68,973.85,950,967.5,32124397
7/14/2020 15:30:00,967,970.85,943.65,958.5,31073591
7/15/2020 15:30:00,968.98,989.4,899,922,64458598
7/16/2020 15:30:00,923.5,934.5,906.23,921.7,28133993
7/17/2020 15:30:00,922.5,960,919,955.85,22949535
7/20/2020 15:30:00,958.9,966,949.83,959.95,16887752
7/21/2020 15:30:00,969.5,988.5,968.25,985.78,19463498
7/22/2020 15:30:00,991.5,1005,980.35,1002,27584769
7/23/2020 15:30:00,1001.98,1039.85,995.68,1028.9,26921058
7/24/2020 15:30:00,1029,1081.5,1028.9,1073.08,55656793
7/27/2020 15:30:00,1089.4,1099.4,1063.95,1078.1,37060949
7/28/2020 15:30:00,1078.1,1097,1075.33,1088.85,25435618
7/29/2020 15:30:00,1088.95,1091.4,1035.22,1048.33,33536361
7/30/2020 15:30:00,1049.5,1069.85,1036,1054.43,33624516
7/31/2020 15:30:00,1057.25,1064.5,1026.4,1033.55,34593375
8/3/2020 15:30:00,1025.65,1028.5,1001.55,1004.5,21560137
8/4/2020 15:30:00,1010.3,1083.5,1000.13,1075.3,42477225
8/5/2020 15:30:00,1084.5,1098,1059.15,1063.22,34405886
8/6/2020 15:30:00,1078.5,1083.85,1053.9,1067.05,22762726
8/7/2020 15:30:00,1064.9,1078.9,1060.1,1073.22,15222384
8/10/2020 15:30:00,1079.55,1082.5,1054.05,1059.93,12441939
8/11/2020 15:30:00,1067.4,1080,1050.18,1066.9,21611359
8/12/2020 15:30:00,1060.5,1072.5,1053.4,1063.8,13967529
8/13/2020 15:30:00,1064,1069.45,1055,1061.03,11459251
8/14/2020 15:30:00,1061.28,1078.5,1044.63,1056.9,15333759
8/17/2020 15:30:00,1052.5,1052.5,1035.05,1045.68,14297224
8/18/2020 15:30:00,1042.5,1067.15,1041.18,1059.28,14097932
8/19/2020 15:30:00,1070.5,1077,1060.68,1065.78,15731409
8/20/2020 15:30:00,1060,1061.95,1044,1048.53,10402292
8/21/2020 15:30:00,1059,1061,1038.5,1040.93,11667281
8/24/2020 15:30:00,1045.7,1052.25,1035.25,1047.88,15099030
8/25/2020 15:30:00,1053,1055.65,1039,1041.05,8947709
8/26/2020 15:30:00,1042.5,1073.97,1023.5,1068.65,27631028
8/27/2020 15:30:00,1074,1075,1051.63,1055.3,12962139
8/28/2020 15:30:00,1060,1066.45,1053.13,1058.08,12537684
8/31/2020 15:30:00,1087,1087,1030.18,1040.35,28649141
9/1/2020 15:30:00,1050,1061.2,1031.2,1043.63,17821488
9/2/2020 15:30:00,1046,1069,1042.5,1064.1,12437209
9/3/2020 15:30:00,1064,1069.38,1051.5,1056.05,8577741
9/4/2020 15:30:00,1041.78,1048.47,1036.1,1038.63,13141705
9/7/2020 15:30:00,1042,1052.88,1022.13,1041.33,10119099
9/8/2020 15:30:00,1046,1060.5,1040.25,1053.55,12643762
9/9/2020 15:30:00,1042.5,1083.9,1040.72,1080.68,25526055
9/10/2020 15:30:00,1091.55,1172.47,1087.68,1157,64751766
9/11/2020 15:30:00,1156,1168.93,1143.55,1159.88,27445883
9/14/2020 15:30:00,1162.5,1180,1141,1151.28,20335480
9/15/2020 15:30:00,1155.97,1162.88,1144.08,1159.43,12543161
9/16/2020 15:30:00,1160,1184.68,1155.28,1162.28,15669133
9/17/2020 15:30:00,1160,1166.85,1145.93,1149.38,11919991
9/18/2020 15:30:00,1157.13,1159.72,1138.28,1152.85,15264101
9/21/2020 15:30:00,1150,1168,1123.68,1127.93,15519433
9/22/2020 15:30:00,1138.5,1138.5,1100.78,1105.58,16056621
9/23/2020 15:30:00,1130,1138.38,1102.65,1115.4,19839809
9/24/2020 15:30:00,1103.95,1113,1088.03,1090.6,13765321
9/25/2020 15:30:00,1094.5,1106.4,1083.65,1100.85,13095950
9/28/2020 15:30:00,1113.5,1119,1103.53,1108.13,9076787
9/29/2020 15:30:00,1112.5,1132,1108.13,1122.53,11927459
9/30/2020 15:30:00,1130,1133.5,1112.5,1117.18,11291280
10/1/2020 15:30:00,1131.9,1131.9,1107,1112.63,9591467
10/5/2020 15:30:00,1122,1124.58,1103,1106.1,8732890
10/6/2020 15:30:00,1112.63,1116.95,1100.83,1105.18,8497352
10/7/2020 15:30:00,1117.5,1154.5,1110,1128.75,24538620
10/8/2020 15:30:00,1129.5,1134,1111.05,1119.63,9727508
10/9/2020 15:30:00,1117.5,1126.5,1108.55,1116.72,8558747
10/12/2020 15:30:00,1117.5,1127.88,1113.13,1118.53,6565525
10/13/2020 15:30:00,1115.3,1142.88,1112.93,1140.35,10666280
10/14/2020 15:30:00,1139.45,1152,1134.25,1143.75,12341487
10/15/2020 15:30:00,1145,1145,1097.5,1103.25,9246893
10/16/2020 15:30:00,1107.5,1116.25,1086.33,1087.9,9961080
10/19/2020 15:30:00,1095.03,1114.35,1077.58,1088.1,14399062
10/20/2020 15:30:00,1089.5,1096.5,1076.13,1077.95,8529621
10/21/2020 15:30:00,1084,1096,1048.88,1062.3,15729989
10/22/2020 15:30:00,1063.7,1066.25,1045.5,1053.47,14215255
10/23/2020 15:30:00,1053,1067.5,1048.2,1056.53,10809383
10/26/2020 15:30:00,1050.97,1050.97,1009.25,1014.55,17225340
10/27/2020 15:30:00,1017.45,1029.93,1002.5,1017.25,16835011
10/28/2020 15:30:00,1020.9,1028.85,1003.7,1005.73,13810054
10/29/2020 15:30:00,998.5,1021,995.5,1013.45,14147681
10/30/2020 15:30:00,1016.75,1032.55,1010.9,1027.25,15701123
11/2/2020 15:30:00,1013.5,1013.5,929.58,938.73,45857806
11/3/2020 15:30:00,945,954.5,917.55,925.2,40931170
11/4/2020 15:30:00,918.5,964.5,918.5,956.6,37003111
11/5/2020 15:30:00,977.48,980.48,966,977.5,17170274
11/6/2020 15:30:00,995,1020,989.08,1014.58,30770080
11/9/2020 15:30:00,1031.05,1034.5,1018,1025.35,16539467
11/10/2020 15:30:00,1038.5,1045,1020.6,1042.28,17045147
11/11/2020 15:30:00,1044.5,1047.5,989.05,998.6,26178477
11/12/2020 15:30:00,990.5,1004.23,982.5,990,18481466
11/13/2020 15:30:00,991,1018.33,990.88,998.2,20946864
11/17/2020 15:30:00,1042.5,1042.5,992.5,996.63,21479385
11/18/2020 15:30:00,996.63,1003.25,980.05,993.6,14030652
11/19/2020 15:30:00,993.6,1005.23,984.1,986.58,12828008
11/20/2020 15:30:00,987.5,991.9,947.5,949.75,26522972
11/23/2020 15:30:00,975.5,985,963.13,975.35,20918665
11/24/2020 15:30:00,982,987,966,982.03,14277083
11/25/2020 15:30:00,990,996.48,971.1,973.9,15062376
11/26/2020 15:30:00,976.53,982.5,965.03,976.3,11924527
11/27/2020 15:30:00,970.25,978.05,960.7,964.9,21845931
12/1/2020 15:30:00,970.18,983.13,965.03,977.45,9114939
12/2/2020 15:30:00,979.25,981,967.5,979.08,10240168
12/3/2020 15:30:00,986,990.55,979.33,982.03,12822945
12/4/2020 15:30:00,984.5,984.5,970,973.38,8521388
12/7/2020 15:30:00,970.3,982.5,970.3,979.1,8418767
12/8/2020 15:30:00,980.58,1007.13,975,996.88,20030506
12/9/2020 15:30:00,1004.98,1016.9,999.63,1013.48,13464375
12/10/2020 15:30:00,1010.8,1014.25,1000.5,1003.5,7414229
12/11/2020 15:30:00,1006.5,1019,987.13,1002.9,12434745
12/14/2020 15:30:00,1003.98,1007.5,993.18,995.65,7989830
12/15/2020 15:30:00,994.85,994.85,980.55,987.18,8561406
12/16/2020 15:30:00,994,997.48,982.85,988.28,8565904
12/17/2020 15:30:00,992.25,1002.5,988.58,992.8,9346460
12/18/2020 15:30:00,990.05,1002.45,982.5,995.78,8522215
12/21/2020 15:30:00,1005,1011,927.63,969.85,20368545
12/22/2020 15:30:00,974.5,979.45,944.23,968.35,12986606
12/23/2020 15:30:00,965,975.73,960.33,971.93,8999898
12/24/2020 15:30:00,973.5,999.4,972.95,997.08,9588577
12/28/2020 15:30:00,1003.35,1009,997.65,1001.65,7947719
12/29/2020 15:30:00,1004.5,1006.15,991.28,995.03,8589407
12/30/2020 15:30:00,997.63,1003.6,987.78,997.75,10173132
12/31/2020 15:30:00,996.75,1005.95,989.3,992.65,8667516
1/1/2021 15:30:00,994,998.5,991,993.75,4622002
1/4/2021 15:30:00,997.55,999.45,984,995.43,11312992
1/5/2021 15:30:00,984.5,991.8,978,983.05,11132803
1/6/2021 15:30:00,982.95,983,952.58,957.13,21414270
1/7/2021 15:30:00,960.25,972.5,952.58,955.58,14918406
1/8/2021 15:30:00,959,969.2,956.05,966.85,12709792
1/11/2021 15:30:00,969.4,969.4,946.25,948.63,15371556
1/12/2021 15:30:00,951.5,980,949.95,978.53,18996047
1/13/2021 15:30:00,981.78,987.48,959.23,969.4,12284876
1/14/2021 15:30:00,972.5,983.45,969.53,980.3,9946818
1/15/2021 15:30:00,980.3,986.9,960.03,968.73,9503790
1/18/2021 15:30:00,974.55,998.5,961.68,991.98,16198856
1/19/2021 15:30:00,997.33,1015.5,997.33,1008.2,14771048
1/20/2021 15:30:00,1010.7,1029,1000.7,1027.35,14271669
1/21/2021 15:30:00,1041,1060,1037.5,1049.7,18038987
1/22/2021 15:30:00,1055.5,1057.68,1017.58,1024.8,14090818
1/25/2021 15:30:00,1017.48,1017.48,966,970.5,25016570
1/27/2021 15:30:00,962.5,962.5,944,947.5,19553809
1/28/2021 15:30:00,940.08,961.65,935,938.28,15722291
1/29/2021 15:30:00,947.15,956.55,915,920.98,20173258
2/1/2021 15:30:00,929.7,952.5,924,947.65,15774504
2/2/2021 15:30:00,957.13,970,927.48,962.9,19138414
2/3/2021 15:30:00,964.15,976,950,965.33,13984228
2/4/2021 15:30:00,962,970,952.5,962.15,11826848
2/5/2021 15:30:00,965.03,972.33,960,961.88,9344470
2/8/2021 15:30:00,966.53,984.5,964.53,975.73,9776136
2/9/2021 15:30:00,980.98,994.8,976.15,978.08,9047308
2/10/2021 15:30:00,976.88,992.38,963.65,987.15,9799560
2/11/2021 15:30:00,990,1032.1,986.13,1027.85,19631870
2/12/2021 15:30:00,1027.75,1039,1007.7,1020.8,14074374
2/15/2021 15:30:00,1024.03,1030.65,1012.5,1016.3,7287590
2/16/2021 15:30:00,1019.88,1039.7,1017.5,1029.75,9886093
2/17/2021 15:30:00,1030,1047.97,1025.3,1041.63,10957388
2/18/2021 15:30:00,1042.5,1054.2,1029.55,1033.85,8605531
2/19/2021 15:30:00,1028.5,1052.47,1026.65,1040.15,10800704
2/22/2021 15:30:00,1040,1044.95,997.48,1004.05,10985697
2/23/2021 15:30:00,1024,1026.45,1006.8,1011.73,11834752
2/24/2021 15:30:00,1015,1032.63,1013.08,1030.5,4987735
2/25/2021 15:30:00,1038,1076,1036.5,1072.18,16085897
2/26/2021 15:30:00,1058.5,1066.95,1035.35,1042.9,17297575
3/1/2021 15:30:00,1055.1,1056,1031.25,1050.85,8159670
3/2/2021 15:30:00,1061,1065,1044.55,1053,7915073
3/3/2021 15:30:00,1060.53,1109.95,1053.6,1101.05,14733134
3/4/2021 15:30:00,1090,1094.97,1078.85,1087.93,9892597
3/5/2021 15:30:00,1078,1105.97,1076.53,1089.35,11773630
3/8/2021 15:30:00,1084.25,1115.95,1084,1095.55,9002404
3/9/2021 15:30:00,1100,1106.9,1073.3,1095.53,6993792
3/10/2021 15:30:00,1103.5,1107.55,1085.13,1090.97,5316182
3/12/2021 15:30:00,1097.5,1103.2,1061.95,1068.8,7783173
3/15/2021 15:30:00,1070.03,1074.45,1040.25,1054.45,7706302
3/16/2021 15:30:00,1057,1063,1047.75,1050.3,6402757
3/17/2021 15:30:00,1049.03,1051.5,1017.55,1027.68,8865521
3/18/2021 15:30:00,1036.45,1042.4,1000.5,1004.55,9528809
3/19/2021 15:30:00,995.5,1047.93,991.4,1041,19284892
3/22/2021 15:30:00,1035.5,1037,1016.6,1031.2,8571196
3/23/2021 15:30:00,1030.97,1054.85,1028,1043.75,8039865
3/24/2021 15:30:00,1039.88,1039.88,1020.2,1023.65,7763726
3/25/2021 15:30:00,1027,1027,992.5,995.73,10153757
3/26/2021 15:30:00,1006,1006.85,986.85,997.33,9313160
3/30/2021 15:30:00,1004,1024.45,995.78,1014.65,9433850
3/31/2021 15:30:00,1009,1024.95,999.5,1001.55,7499740
4/1/2021 15:30:00,1009,1015,1001.58,1010.93,5410307
4/5/2021 15:30:00,1012.48,1012.5,981.05,996.3,6864856
4/6/2021 15:30:00,1002,1002.48,984.5,992.15,6465241
4/7/2021 15:30:00,1000,1023.45,996.65,1001.43,11198918
4/8/2021 15:30:00,1005.5,1011,996.5,1002.68,7092878
4/9/2021 15:30:00,999.23,1003.18,990,991.03,6478482
4/12/2021 15:30:00,979.5,980.7,950.13,955.58,9646031
4/13/2021 15:30:00,962,970.3,958.93,965.9,8958261
4/15/2021 15:30:00,963.15,980.5,956.5,972.15,9102492
4/16/2021 15:30:00,968.3,974.95,963.23,966.05,7225679
4/19/2021 15:30:00,952,958.2,945,950.85,8527967
4/20/2021 15:30:00,955.25,959.5,945.23,950.58,7939490
4/22/2021 15:30:00,946.13,957.23,938.35,953.2,6687573
4/23/2021 15:30:00,953,959.45,947.68,952.18,5459016
4/26/2021 15:30:00,960,981,955.75,968.93,9620785
4/27/2021 15:30:00,970,998.6,969.13,994.33,9226547
4/28/2021 15:30:00,998.93,1004,990.08,998.65,7902002
4/29/2021 15:30:00,1011.45,1022.25,1003.65,1012.03,8035915
4/30/2021 15:30:00,1004.25,1018,993.78,997.25,9150974
5/3/2021 15:30:00,983,989.5,971.55,979.53,10909942
5/4/2021 15:30:00,975,983.9,955.5,958.3,10083693
5/5/2021 15:30:00,961.68,969.25,954.03,960.05,5719649
5/6/2021 15:30:00,960.93,967.5,953.3,965.5,6749281
5/7/2021 15:30:00,968.88,977.83,963,965.88,5671163
5/10/2021 15:30:00,969.5,973.4,960.48,963.1,6433879
5/11/2021 15:30:00,957.5,969.28,955,966.58,6220217
5/12/2021 15:30:00,965.05,966.45,953.5,956.58,6081627
5/14/2021 15:30:00,964.03,971,953,968.65,6134079
5/17/2021 15:30:00,968.65,981.73,965.2,980.18,5479424
5/18/2021 15:30:00,990.5,1001.3,986.25,993.98,5567958
5/19/2021 15:30:00,990,1008.23,986,998.53,7530294
5/20/2021 15:30:00,998.95,1005.45,990.5,992.7,5271497
5/21/2021 15:30:00,996,1004.8,993,1001.28,4977555
5/24/2021 15:30:00,1004,1004.9,991,992.83,3946636
5/25/2021 15:30:00,998.2,998.5,980,981.58,6821015
5/26/2021 15:30:00,987.5,989.75,982.65,985.03,3452113
5/27/2021 15:30:00,985.15,996.5,981.13,988.05,12377100
5/28/2021 15:30:00,995,1052.5,995,1047.4,26060864
5/31/2021 15:30:00,1051,1095.85,1042.53,1080.15,27285782
6/1/2021 15:30:00,1083,1101,1073.25,1084.45,12928379
6/2/2021 15:30:00,1078.5,1104.75,1078.5,1100.63,11366816
6/3/2021 15:30:00,1110.5,1125,1098.05,1104.83,11064116
6/4/2021 15:30:00,1107.4,1108.22,1092.13,1095.25,6677278
6/7/2021 15:30:00,1101,1121,1092.5,1113.7,7539326
6/8/2021 15:30:00,1113.3,1113.58,1099.08,1107.3,4464889
6/9/2021 15:30:00,1109.5,1110.5,1078.97,1087.5,5265326
6/10/2021 15:30:00,1096.7,1115,1088.78,1091.5,6532832
6/11/2021 15:30:00,1091.45,1114,1090.05,1106.58,6351520
6/14/2021 15:30:00,1107.5,1129.13,1097.53,1122.45,9383416
6/15/2021 15:30:00,1130.5,1137.45,1120.15,1125,7002898
6/16/2021 15:30:00,1122.45,1123.53,1102.93,1105.8,4982975
6/17/2021 15:30:00,1100,1117.5,1089.95,1107.83,7266765
6/18/2021 15:30:00,1112.75,1117.5,1092.18,1112.83,13553801
6/21/2021 15:30:00,1101.75,1123.75,1100.08,1118.63,5624044
6/22/2021 15:30:00,1127,1130.5,1109.68,1112.88,5940386
6/23/2021 15:30:00,1125,1125.3,1100.85,1102.68,7685796
6/24/2021 15:30:00,1103.43,1107.3,1070,1076.75,42209687
6/25/2021 15:30:00,1076.75,1076.75,1040.55,1052.22,25546334
6/28/2021 15:30:00,1061,1063.25,1040.5,1043,9357852
6/29/2021 15:30:00,1044.75,1054.5,1042.05,1043.9,12526981
6/30/2021 15:30:00,1048.13,1061.33,1045.53,1055.33,9120556
7/1/2021 15:30:00,1059,1061.58,1047.5,1048.97,5784627
7/2/2021 15:30:00,1048.5,1066.45,1046.47,1064.53,6500973
7/5/2021 15:30:00,1068.22,1076.78,1065.75,1075.1,5400604
7/6/2021 15:30:00,1072.47,1074.45,1060.1,1062.4,4647361
7/7/2021 15:30:00,1063.88,1063.88,1049,1055.03,4824931
7/8/2021 15:30:00,1058.47,1058.47,1040.5,1046.3,5162088
7/9/2021 15:30:00,1044,1045.85,1033.05,1035.6,4170886
7/12/2021 15:30:00,1039.88,1050.75,1037.25,1042.05,3962111
7/13/2021 15:30:00,1050,1051.53,1044.03,1049.85,3099956
7/14/2021 15:30:00,1050.18,1053.43,1040.63,1043,3937768
7/15/2021 15:30:00,1047.5,1047.5,1039.25,1041.18,4360415
7/16/2021 15:30:00,1043.88,1057.38,1043.8,1056.2,4074206
7/19/2021 15:30:00,1050,1062,1046.13,1049.47,3855577
7/20/2021 15:30:00,1049.75,1054,1042,1046.9,3111185
7/22/2021 15:30:00,1059.5,1061.95,1049.08,1060.35,3679260
7/23/2021 15:30:00,1067.22,1067.22,1051.03,1052.85,4585938
7/26/2021 15:30:00,1054,1060.5,1035.55,1038.43,5717830
7/27/2021 15:30:00,1038.4,1041.85,1021,1027.5,4995516
7/28/2021 15:30:00,1029,1029,1008.13,1018.68,5952355
7/29/2021 15:30:00,1027,1037.2,1021.7,1026.63,6352886
7/30/2021 15:30:00,1029,1033.97,1015.55,1017.65,5238304
8/2/2021 15:30:00,1027.15,1039.7,1020.58,1036.25,5041934
8/3/2021 15:30:00,1045,1045.5,1032.1,1043.88,5453682
8/4/2021 15:30:00,1047.2,1057,1043.5,1051.88,6077861
8/5/2021 15:30:00,1057.15,1077.4,1052.13,1067.13,9807831
8/6/2021 15:30:00,1064.97,1073.47,1039.38,1044.53,7670583
8/9/2021 15:30:00,1040.5,1044.9,1033.25,1038.58,3458546
8/10/2021 15:30:00,1041,1056.5,1036.88,1044.03,5500708
8/11/2021 15:30:00,1048.47,1060,1041.7,1058.65,4238859
8/12/2021 15:30:00,1062.45,1063.1,1052.5,1055.25,3755507
8/13/2021 15:30:00,1058.65,1074.95,1054.47,1072.83,5898384
8/16/2021 15:30:00,1074.68,1101.5,1064.08,1086.75,10123204
8/17/2021 15:30:00,1084.43,1092.6,1073.93,1082.13,5841743
8/18/2021 15:30:00,1087,1093.4,1076.3,1086.33,4650008
8/20/2021 15:30:00,1071.5,1086,1068.5,1074.13,4350228
8/23/2021 15:30:00,1087,1087,1066.15,1081.18,4547802
8/24/2021 15:30:00,1082.53,1096,1077.8,1091.85,5475452
8/25/2021 15:30:00,1092.7,1110,1090.05,1101.3,6175126
8/26/2021 15:30:00,1104,1122.45,1102.5,1115.22,8579105
8/27/2021 15:30:00,1118.5,1121.38,1108.03,1113.7,4836812
8/30/2021 15:30:00,1125,1137.93,1118.4,1135.13,6473487
8/31/2021 15:30:00,1138.45,1141.88,1121.13,1129.08,12223037
9/1/2021 15:30:00,1136.5,1146.45,1131.5,1133.55,5143640
9/2/2021 15:30:00,1127.5,1153.9,1127.5,1147.2,4595048
9/3/2021 15:30:00,1155,1197.5,1151.25,1194.25,14151629
9/6/2021 15:30:00,1206.5,1240,1206,1212.8,15525644
9/7/2021 15:30:00,1215,1229,1206,1220.45,8006968
9/8/2021 15:30:00,1226,1227,1203.33,1215.68,6600210
9/9/2021 15:30:00,1213.95,1218.93,1208.05,1212.8,4136538
9/13/2021 15:30:00,1216.5,1216.5,1184.03,1185.78,7527598
9/14/2021 15:30:00,1187.5,1197,1183,1184.22,4111205
9/15/2021 15:30:00,1184.25,1197.88,1184.25,1189.15,4186300
9/16/2021 15:30:00,1190.78,1218.38,1183.5,1214.1,6206657
9/17/2021 15:30:00,1223,1227.93,1187.8,1195.28,16098099
9/20/2021 15:30:00,1186.05,1209.18,1185,1197.18,5436385
9/21/2021 15:30:00,1202.5,1208.3,1192,1202.35,4576111
9/22/2021 15:30:00,1204,1221,1199.13,1215.25,5074612
9/23/2021 15:30:00,1223.7,1248.5,1222.75,1244.95,7267883
9/24/2021 15:30:00,1251.78,1252.72,1236,1241.35,7011181
9/27/2021 15:30:00,1243.5,1264.95,1237.65,1262.22,7095022
9/28/2021 15:30:00,1267,1282.45,1256.4,1274.03,8323269
9/29/2021 15:30:00,1285,1285,1260.03,1263.93,4485721
9/30/2021 15:30:00,1262.5,1267.3,1250.18,1259.63,6272085
10/1/2021 15:30:00,1250.97,1269.9,1247.5,1261.85,4134544
10/4/2021 15:30:00,1276.5,1287.43,1268.53,1278.08,5038910
10/5/2021 15:30:00,1277.55,1306,1273.68,1304.6,6245770
10/6/2021 15:30:00,1309.97,1309.97,1275.55,1279.93,4734472
10/7/2021 15:30:00,1297.5,1299.38,1283.85,1286.2,2924370
10/8/2021 15:30:00,1292.63,1342.2,1290.75,1335.63,7279003
10/11/2021 15:30:00,1350.7,1360,1322.68,1326.33,6815737
10/12/2021 15:30:00,1322.5,1341.5,1320.63,1333.9,3083747
10/13/2021 15:30:00,1339.5,1359.75,1334.65,1347.48,4596429
10/14/2021 15:30:00,1350.18,1358.73,1343.6,1350.2,3979730
10/18/2021 15:30:00,1334.3,1372.5,1331.15,1353.8,6273850
10/19/2021 15:30:00,1361.9,1375.68,1354,1365.93,4076617
10/20/2021 15:30:00,1371.38,1371.38,1345.75,1350.2,5865926
10/21/2021 15:30:00,1363.7,1364,1301.6,1311.25,9613812
10/22/2021 15:30:00,1310,1332.45,1305.75,1313.7,5089178
10/25/2021 15:30:00,1340,1340,1285,1300.9,7937067
10/26/2021 15:30:00,1308.55,1334.45,1301.58,1330.53,4499706
10/27/2021 15:30:00,1326,1338.4,1309.97,1313.7,4567140
10/28/2021 15:30:00,1310,1318.98,1295.25,1299.3,4562471
10/29/2021 15:30:00,1298.08,1298.08,1250.85,1268.13,6568539
11/1/2021 15:30:00,1268.13,1278,1247.05,1268.9,7144532
11/2/2021 15:30:00,1272.5,1274,1247.63,1250.4,4877652
11/3/2021 15:30:00,1253.03,1260,1230.5,1241.8,5533120
11/4/2021 19:15:00,1246.47,1252.45,1245,1249.43,787160
11/8/2021 15:30:00,1259.7,1260,1228.2,1250.97,9385607
11/9/2021 15:30:00,1252.5,1264.45,1243.53,1260.85,7237470
11/10/2021 15:30:00,1258.35,1279,1251.83,1274.95,4731975
11/11/2021 15:30:00,1270.03,1285.25,1267.78,1277.28,4948422
11/12/2021 15:30:00,1281.45,1299.38,1278.5,1296.55,4020744
11/15/2021 15:30:00,1300,1301.1,1285,1288.9,2216708
11/16/2021 15:30:00,1286.03,1287.5,1247.5,1258.95,5232292
11/17/2021 15:30:00,1249.47,1249.47,1230.5,1232,4708235
11/18/2021 15:30:00,1230,1244.5,1225.03,1236.65,3925345
11/22/2021 15:30:00,1218.05,1224.5,1175.5,1181.88,11133364
11/23/2021 15:30:00,1166.53,1200.63,1154.5,1192.93,11688406
11/24/2021 15:30:00,1190,1204.95,1171.78,1175.7,7762564
11/25/2021 15:30:00,1186.5,1251,1178.58,1246.47,19568487
11/26/2021 15:30:00,1233.9,1238.8,1200.75,1206.3,7274686
11/29/2021 15:30:00,1219.55,1250,1199.55,1220.75,11226147
11/30/2021 15:30:00,1234,1237.95,1194.43,1202.7,14847511
12/1/2021 15:30:00,1216.5,1237,1212.55,1233.5,4663276
12/2/2021 15:30:00,1234.85,1248.1,1230.8,1241.43,5870468
12/3/2021 15:30:00,1249.2,1249.25,1200,1204.13,8871172
12/6/2021 15:30:00,1208,1212.5,1178.58,1181.3,4768334
12/7/2021 15:30:00,1188.08,1202,1180,1190.93,5185007
12/8/2021 15:30:00,1212.05,1215.9,1203.15,1209.05,4035437
12/9/2021 15:30:00,1217.5,1237.45,1212.5,1228.22,6098050
12/10/2021 15:30:00,1220.13,1233,1215.18,1229.47,3860176
12/13/2021 15:30:00,1236.75,1237.05,1202,1204.83,5954148
12/14/2021 15:30:00,1190,1203,1186.7,1190.08,5995586
12/15/2021 15:30:00,1192,1202.5,1180.55,1186.6,4322855
12/16/2021 15:30:00,1202.85,1207.75,1184.33,1201.95,4504829
12/17/2021 15:30:00,1199.03,1204,1160,1170.22,9714489
12/20/2021 15:30:00,1158.93,1158.93,1123.55,1138.68,6611376
12/21/2021 15:30:00,1155.68,1173,1146.1,1155.63,5924071
12/22/2021 15:30:00,1162.45,1185.95,1161,1183.05,8149415
12/23/2021 15:30:00,1187,1190,1179.03,1182.63,4186912
12/24/2021 15:30:00,1185,1196,1168.78,1186.4,3639616
12/27/2021 15:30:00,1180.78,1189,1174.05,1185.13,1853948
12/28/2021 15:30:00,1187.8,1202.43,1186.53,1199.2,2941883
12/29/2021 15:30:00,1195.5,1209.5,1191.05,1201.25,7118779
12/30/2021 15:30:00,1200,1202.47,1172.8,1179.55,13537254
12/31/2021 15:30:00,1186.5,1191.95,1180,1184.08,4373768
1/3/2022 15:30:00,1182.5,1203.97,1181.78,1201.93,2502073
1/4/2022 15:30:00,1207.95,1230.5,1202,1229.05,5006225
1/5/2022 15:30:00,1231,1238.5,1216.47,1234.8,5373618
1/6/2022 15:30:00,1225.6,1227,1204.5,1208.25,6667483
1/7/2022 15:30:00,1215.47,1229.03,1205.78,1218,6051239
1/10/2022 15:30:00,1226,1228.5,1208.03,1219,4267365
1/11/2022 15:30:00,1218,1237.47,1217.5,1227.78,7478681
1/12/2022 15:30:00,1235.65,1262.47,1232.5,1260.55,6830402
1/13/2022 15:30:00,1260.63,1270.5,1254.2,1267.65,5471871
1/14/2022 15:30:00,1267.5,1283.65,1262.93,1269.5,9197773
1/17/2022 15:30:00,1269,1282.5,1268.5,1276.13,3708822
1/18/2022 15:30:00,1277.38,1281.18,1257.88,1260.9,2868235
1/19/2022 15:30:00,1265,1271,1254.5,1260.8,4502155
1/20/2022 15:30:00,1250.03,1254.97,1227.5,1238.72,7612203
1/21/2022 15:30:00,1226,1251.13,1226,1238.93,6155759
1/24/2022 15:30:00,1237.5,1252.38,1177.55,1188.95,10092511
1/25/2022 15:30:00,1174.78,1194.33,1152.5,1186.63,11311456
1/27/2022 15:30:00,1168,1178.05,1155.53,1169.05,9239426
1/28/2022 15:30:00,1182.5,1187.95,1164.2,1167.93,6769154
1/31/2022 15:30:00,1180.1,1203.2,1178.1,1193.3,5604308
2/1/2022 15:30:00,1204,1210.3,1173.55,1189.35,6092033
2/2/2022 15:30:00,1203.5,1203.5,1187.55,1191.78,4623163
2/3/2022 15:30:00,1196,1200.72,1173.6,1176.38,4417864
2/4/2022 15:30:00,1170.5,1174.22,1160.55,1165.65,5104761
2/7/2022 15:30:00,1171,1178.4,1152.5,1158.55,4944725
2/8/2022 15:30:00,1165.33,1180,1155,1178.03,5566080
2/9/2022 15:30:00,1185.58,1193.6,1179,1191.75,5300891
2/10/2022 15:30:00,1197.85,1197.85,1182.55,1190.53,5752361
2/11/2022 15:30:00,1186.63,1192.25,1172.05,1188.2,7357863
2/14/2022 15:30:00,1170.13,1177.47,1156.5,1169.28,4947109
2/15/2022 15:30:00,1175.6,1211.95,1167.85,1208.97,5174646
2/16/2022 15:30:00,1215,1216.5,1197.97,1206.47,4796294
2/17/2022 15:30:00,1210.05,1227.45,1205,1221.75,5931774
2/18/2022 15:30:00,1222.2,1228.2,1210.08,1212.2,3126873
2/21/2022 15:30:00,1206,1218.75,1192.3,1199.95,5125968
2/22/2022 15:30:00,1176.45,1197.95,1173.58,1194.5,6227901
2/23/2022 15:30:00,1200.55,1203.28,1184,1187.03,3373615
2/24/2022 15:30:00,1152.5,1169.95,1121.7,1127.88,11466725
2/25/2022 15:30:00,1140.05,1153.97,1138.13,1141.97,6724094
2/28/2022 15:30:00,1121.5,1183.68,1121.5,1179.78,9828768
3/2/2022 15:30:00,1167.22,1200.5,1164.6,1199.28,9909226
3/3/2022 15:30:00,1200,1207.43,1185.03,1189.15,4701183
3/4/2022 15:30:00,1176.5,1182.15,1160.18,1162.78,4986814
3/7/2022 15:30:00,1139.35,1156.05,1111,1119.78,8299295
3/8/2022 15:30:00,1105.75,1123,1090,1117.75,9825043
3/9/2022 15:30:00,1118,1183.5,1117.08,1177.05,9421163
3/10/2022 15:30:00,1200,1202.5,1180,1196.13,8297995
3/11/2022 15:30:00,1188.03,1205.5,1188.03,1199.58,5656799
3/14/2022 15:30:00,1193.45,1212.2,1187,1209.43,3849222
3/15/2022 15:30:00,1213.97,1213.97,1170.43,1181.72,7349740
3/16/2022 15:30:00,1191,1203.95,1188.55,1201.68,5145644
3/17/2022 15:30:00,1216.38,1248.7,1207.55,1240.85,9886295
3/21/2022 15:30:00,1222,1242,1219.5,1233.7,5537752
3/22/2022 15:30:00,1230.05,1267.47,1226.8,1265.58,10410082
3/23/2022 15:30:00,1261.5,1282.43,1261.5,1269.6,7135797
3/24/2022 15:30:00,1255,1292.08,1255,1289.33,6077153
3/25/2022 15:30:00,1291.25,1308,1288.5,1297.93,6563676
3/28/2022 15:30:00,1305,1314.88,1293.25,1310.98,4564891
3/29/2022 15:30:00,1319,1319,1303.7,1311.28,4007695
3/30/2022 15:30:00,1319.95,1344,1308.55,1336.48,7297028
3/31/2022 15:30:00,1332.48,1334.85,1314.3,1317.38,6102744
4/1/2022 15:30:00,1318,1332.58,1311,1327.93,3656408
4/4/2022 15:30:00,1327.73,1337.5,1320.83,1331.85,3659307
4/5/2022 15:30:00,1325.55,1334.95,1310.35,1313.03,6068663
4/6/2022 15:30:00,1293.55,1317.25,1293.55,1309.53,5656703
4/7/2022 15:30:00,1297.55,1303,1283.5,1286.43,7151632
4/8/2022 15:30:00,1280,1312.5,1280,1307.83,6992874
4/11/2022 15:30:00,1300,1319.28,1291.5,1305.1,4270816
4/12/2022 15:30:00,1293.5,1301.3,1277.7,1280.53,6099986
4/13/2022 15:30:00,1287.25,1296.3,1272.75,1275.83,4778478
4/18/2022 15:30:00,1266.5,1279.9,1260.9,1271.93,4603103
4/19/2022 15:30:00,1279,1334,1275.53,1320.4,12064446
4/20/2022 15:30:00,1328.55,1367,1324.55,1359.23,11570835
4/21/2022 15:30:00,1375.45,1394.5,1366,1391.05,10018531
4/22/2022 15:30:00,1379.45,1401,1372.1,1379.4,6947490
4/25/2022 15:30:00,1371.2,1379.2,1331.83,1347.5,7874671
4/26/2022 15:30:00,1355,1397.5,1353.85,1387.83,5643066
4/27/2022 15:30:00,1377.93,1414,1377.53,1389.18,8924920
4/28/2022 15:30:00,1404.98,1425.5,1393.05,1409.93,11820892
4/29/2022 15:30:00,1428.08,1428.08,1388.65,1395.13,8406156
5/2/2022 15:30:00,1381,1402.75,1379.03,1390.23,4369022
5/4/2022 15:30:00,1392.5,1395,1338.15,1346.83,8882792
5/5/2022 15:30:00,1361.75,1365,1316,1320.45,7942721
5/6/2022 15:30:00,1306.1,1329.5,1296.78,1310.33,9068448
5/9/2022 15:30:00,1287.47,1298.55,1253.5,1259.15,8345649
5/10/2022 15:30:00,1247.5,1263.3,1229,1237.33,9004636
5/11/2022 15:30:00,1236.33,1242.47,1210.97,1224.65,7681157
5/12/2022 15:30:00,1213.75,1217.43,1185,1199.7,9456280
5/13/2022 15:30:00,1213,1239,1207.68,1213.3,8910998
5/16/2022 15:30:00,1217.22,1240.5,1208.33,1213.6,6201594
5/17/2022 15:30:00,1217.55,1269.95,1216,1264.58,7638666
5/18/2022 15:30:00,1269.83,1285,1254.13,1269.18,7973235
5/19/2022 15:30:00,1242,1256.25,1233.03,1239.93,6783641
5/20/2022 15:30:00,1256.25,1322.2,1251,1312.23,10057508
5/23/2022 15:30:00,1315.75,1326.78,1296.5,1303.45,7039144
5/24/2022 15:30:00,1303.5,1319,1298.85,1307.93,6243086
5/25/2022 15:30:00,1317.5,1328.35,1300.75,1306,5867760
5/26/2022 15:30:00,1312.2,1317.45,1274,1293.55,8252551
5/27/2022 15:30:00,1296.53,1302.58,1270.05,1287.55,7624888
5/30/2022 15:30:00,1307.5,1337,1297.1,1332.4,6393341
5/31/2022 15:30:00,1320.7,1339.4,1307.85,1316.33,32591420
6/1/2022 15:30:00,1317.15,1327.6,1308.1,1316.75,4512079
6/2/2022 15:30:00,1317,1366.23,1317,1362.15,10211408
6/3/2022 15:30:00,1372,1408.68,1371,1389.75,11048210
6/6/2022 15:30:00,1390,1407,1375.9,1383.78,5119488
6/7/2022 15:30:00,1384.95,1395.55,1376.03,1386.38,5703333
6/8/2022 15:30:00,1386.38,1390.5,1358.15,1362.03,5759172
6/9/2022 15:30:00,1355,1401.5,1355,1399.38,7973935
6/10/2022 15:30:00,1385.95,1394.95,1350.75,1357.13,8349943
6/13/2022 15:30:00,1325,1336.4,1308.15,1331.45,8131998
6/14/2022 15:30:00,1325.03,1335.93,1306.72,1314.05,6790653
6/15/2022 15:30:00,1308.78,1318.65,1292.2,1298.15,5166738
6/16/2022 15:30:00,1311.5,1329.53,1277,1280,7896943
6/17/2022 15:30:00,1280,1312.43,1278.05,1295,11286988
6/20/2022 15:30:00,1302.5,1308.55,1260.55,1271.53,5568825
6/21/2022 15:30:00,1280,1296.7,1264.15,1292.05,5408801
6/22/2022 15:30:00,1279.05,1279.15,1250.5,1252.8,4899839
6/23/2022 15:30:00,1257.53,1262.5,1222.5,1232.47,8974475
6/24/2022 15:30:00,1240,1255.5,1234,1250.03,6571866
6/27/2022 15:30:00,1272.47,1272.47,1240.78,1246.33,7141493
6/28/2022 15:30:00,1241.05,1266.97,1241.05,1263.85,6263867
6/29/2022 15:30:00,1253.6,1298.5,1250.5,1290.08,8863172
6/30/2022 15:30:00,1290,1307.95,1283,1297.83,10666627
7/1/2022 15:30:00,1287.45,1296,1182.5,1204.35,37841671
7/4/2022 15:30:00,1189.47,1221,1183.05,1206.85,19317335
7/5/2022 15:30:00,1211.5,1232.45,1208.55,1216.63,8144239
7/6/2022 15:30:00,1210.05,1220.97,1194,1205.93,11050026
7/7/2022 15:30:00,1212.95,1216.63,1187.5,1194.05,10753423
7/8/2022 15:30:00,1209,1209,1191.28,1195.7,8773162
7/11/2022 15:30:00,1188.25,1214.4,1185,1211.95,6390604
7/12/2022 15:30:00,1202,1219.85,1202,1210.22,4974502
7/13/2022 15:30:00,1213.65,1217,1186.5,1188.78,6564435
7/14/2022 15:30:00,1194,1216.97,1188.47,1198.58,7831798
7/15/2022 15:30:00,1207.5,1207.5,1191.55,1200.9,4431880
7/18/2022 15:30:00,1210.5,1212.5,1196.15,1211.13,6996757
7/19/2022 15:30:00,1200.15,1223.5,1200.15,1218.55,7587006
7/20/2022 15:30:00,1270,1271.25,1243.13,1251.5,11041036
7/21/2022 15:30:00,1247,1250,1233.65,1243.15,7625468
7/22/2022 15:30:00,1250,1258.15,1247.5,1251.55,5062651
7/25/2022 15:30:00,1233.72,1233.72,1201.5,1210.2,10665470
7/26/2022 15:30:00,1210.55,1221.95,1205.68,1210.75,5216466
7/27/2022 15:30:00,1209.97,1213.5,1201,1209.6,3994321
7/28/2022 15:30:00,1218,1233.97,1210.5,1228.55,5766936
7/29/2022 15:30:00,1237.35,1258.55,1232,1254.72,6982808
8/1/2022 15:30:00,1259.58,1293.88,1253.8,1287.43,7245568
8/2/2022 15:30:00,1286.25,1303.9,1280.78,1292.33,6423115
8/3/2022 15:30:00,1300,1305,1283.72,1303.18,6576824
8/4/2022 15:30:00,1305,1308.88,1267.5,1285.95,6676577
8/5/2022 15:30:00,1288,1289.4,1263.47,1267,6434433
8/8/2022 15:30:00,1265.5,1291.78,1265.5,1283.58,4691228
8/10/2022 15:30:00,1288.45,1294.95,1278.53,1291.25,4949442
8/11/2022 15:30:00,1301.55,1304.95,1290.1,1295.55,3783480
8/12/2022 15:30:00,1295.15,1320.68,1291.1,1316.5,5838244
8/16/2022 15:30:00,1323.1,1328.65,1313.65,1325.65,3049304
8/17/2022 15:30:00,1332.5,1338.45,1327.78,1332.58,3044037
8/18/2022 15:30:00,1330,1334.5,1320.1,1330.65,3419730
8/19/2022 15:30:00,1325,1330.85,1302.47,1306.93,4366123
8/22/2022 15:30:00,1308.5,1315.65,1293,1303.3,4371179
8/23/2022 15:30:00,1297,1326.6,1295.68,1323.4,4466619
8/24/2022 15:30:00,1320.05,1335,1317.68,1319.88,4785579
8/25/2022 15:30:00,1324.48,1331.45,1311.3,1316.03,3632902
8/26/2022 15:30:00,1316.5,1325,1303.5,1309,4957449
8/29/2022 15:30:00,1292.5,1327.5,1289.03,1298.83,9155684
8/30/2022 15:30:00,1307,1322.63,1288.3,1318.98,10678670
9/1/2022 15:30:00,1291.33,1302.47,1275.35,1280.2,9188434
9/2/2022 15:30:00,1280.2,1287.68,1262.85,1265.25,5999196
9/5/2022 15:30:00,1265.5,1290.75,1265.5,1284.9,5227785
9/6/2022 15:30:00,1286.5,1303,1286,1298.43,5030172
9/7/2022 15:30:00,1287.5,1297.45,1285,1290.88,3455942
9/8/2022 15:30:00,1294.13,1299,1285.5,1292.7,3256840
9/9/2022 15:30:00,1305,1305,1282,1284.65,3837302
9/12/2022 15:30:00,1285.28,1306,1285.28,1299.03,3431445
9/13/2022 15:30:00,1309,1314.85,1300.5,1309.88,4102114
9/14/2022 15:30:00,1287.5,1305,1286.38,1294.18,4004997
9/15/2022 15:30:00,1291.5,1301.78,1278.38,1281.35,4783723
9/16/2022 15:30:00,1271.88,1276.5,1245.5,1249.6,9330469
9/19/2022 15:30:00,1249.6,1261.35,1240.68,1251.22,3498286
9/20/2022 15:30:00,1261.22,1268.85,1247.35,1251.43,3881882
9/21/2022 15:30:00,1248.38,1266.5,1247.5,1254.88,4249172
9/22/2022 15:30:00,1243,1251.5,1236.05,1243.05,4757219
9/23/2022 15:30:00,1242.5,1247.97,1218.05,1219.75,4397194
9/26/2022 15:30:00,1197.03,1208.9,1187.58,1188.68,5759298
9/27/2022 15:30:00,1197,1213,1180.05,1198.13,7455448
9/28/2022 15:30:00,1180.18,1189,1163.55,1166.22,7844140
9/29/2022 15:30:00,1180,1183.75,1156.5,1162.65,6771046
9/30/2022 15:30:00,1155.5,1201,1155.5,1188.88,8589908
10/3/2022 15:30:00,1195.75,1208.47,1181.5,1184.75,5470030
10/4/2022 15:30:00,1198.9,1209,1195.08,1206.6,4129893
10/6/2022 15:30:00,1214.5,1225,1209.08,1211.05,6162021
10/7/2022 15:30:00,1207.33,1221.95,1207.33,1216.18,3560167
10/10/2022 15:30:00,1202.5,1208.8,1194,1202.9,2921076
10/11/2022 15:30:00,1207,1207,1175.55,1178.95,4252803
10/12/2022 15:30:00,1176,1190.85,1171.55,1187.63,3422992
10/13/2022 15:30:00,1185.7,1197,1180.05,1191.4,3382098
10/14/2022 15:30:00,1207.5,1208.18,1184.55,1185.35,4202459
10/17/2022 15:30:00,1177.5,1207,1171.8,1204.38,7720595
10/18/2022 15:30:00,1211,1231.5,1210.08,1225.63,5729899
10/19/2022 15:30:00,1227.25,1263.93,1220.85,1246.95,8882553
10/20/2022 15:30:00,1242.5,1259.5,1242.5,1250.3,4022919
10/21/2022 15:30:00,1253.85,1258.4,1233.5,1235.8,3804352
10/25/2022 15:30:00,1249.5,1249.5,1219,1220.78,5645639
10/27/2022 15:30:00,1229,1234.22,1216.4,1225.58,5774775
10/28/2022 15:30:00,1232.5,1267.5,1229.72,1263.08,8126824
10/31/2022 15:30:00,1270.5,1280.47,1266.1,1274.8,5731802
11/1/2022 15:30:00,1300,1300,1254,1264.93,6443999
11/2/2022 15:30:00,1266.15,1275.1,1257.5,1272.83,4145144
11/3/2022 15:30:00,1264.93,1279.78,1262.53,1277.58,3089026
11/4/2022 15:30:00,1276.95,1300,1275.55,1296.38,5803737
11/7/2022 15:30:00,1295.5,1305.15,1287,1303.3,5440967
11/9/2022 15:30:00,1305.15,1310.98,1295.03,1302,5193814
11/10/2022 15:30:00,1295,1298.28,1281.5,1286.25,2753420
11/11/2022 15:30:00,1300,1318,1294,1315.9,5681124
11/14/2022 15:30:00,1315.38,1321,1302.58,1309.53,4173395
11/15/2022 15:30:00,1311.15,1313.2,1295,1303.65,3270388
11/16/2022 15:30:00,1305,1307.97,1290.68,1296.18,4484007
11/17/2022 15:30:00,1292.47,1306.5,1290,1299.53,3074259
11/18/2022 15:30:00,1303.38,1304.5,1285.55,1298.83,2447425
11/21/2022 15:30:00,1294,1294,1271.55,1275.45,2949108
11/22/2022 15:30:00,1272.5,1284.25,1268.25,1282.53,3051201
11/23/2022 15:30:00,1287.5,1288.95,1276.13,1278.53,2959787
11/24/2022 15:30:00,1283,1297,1274.1,1289.55,4333225
11/25/2022 15:30:00,1294.5,1312.45,1291.05,1308.8,3391988
11/28/2022 15:30:00,1304.45,1360.53,1251,1353.78,14549929
11/29/2022 15:30:00,1351.98,1365.83,1347,1356.1,5103687
11/30/2022 15:30:00,1356.25,1372.73,1349.1,1365.68,12075137
12/1/2022 15:30:00,1370.9,1377.5,1358,1361.65,4377696
12/2/2022 15:30:00,1365,1374,1350.3,1361.08,5348595
12/5/2022 15:30:00,1356,1358.38,1339,1341.23,6843367
12/6/2022 15:30:00,1332.55,1348.5,1330.5,1345.1,3966243
12/7/2022 15:30:00,1342.5,1347.5,1321.08,1325.25,3905263
12/8/2022 15:30:00,1330,1332.5,1320.05,1324.63,3579858
12/9/2022 15:30:00,1323,1330,1300.93,1304.55,5840633
12/12/2022 15:30:00,1292.75,1311.5,1292.5,1306.55,4374946
12/13/2022 15:30:00,1306.55,1316.5,1303.35,1312.5,3845839
12/14/2022 15:30:00,1318.83,1319.48,1305.5,1307.75,3354618
12/15/2022 15:30:00,1301.25,1307.5,1285.5,1289.18,4009765
12/16/2022 15:30:00,1285.5,1309.4,1279.08,1282.8,7308934
12/19/2022 15:30:00,1290.5,1302,1283.35,1299.65,3567363
12/20/2022 15:30:00,1291.95,1313,1283,1310.9,3446291
12/21/2022 15:30:00,1310.5,1316.5,1288.05,1292.25,3935463
12/22/2022 15:30:00,1299,1302.33,1283.38,1288.9,3438692
12/23/2022 15:30:00,1281.65,1295.25,1246.13,1251.1,4733657
12/26/2022 15:30:00,1257.38,1271,1246.2,1262.03,2764496
12/27/2022 15:30:00,1265,1274.4,1257.63,1272.35,2659749
12/28/2022 15:30:00,1269,1274.9,1260.75,1272.22,3442509
12/29/2022 15:30:00,1263.5,1274.45,1262.75,1271.65,3198493
12/30/2022 15:30:00,1272.55,1288.5,1270.55,1273.6,3364092
1/2/2023 15:30:00,1275,1289.5,1274.1,1287.95,2453414
1/3/2023 15:30:00,1282.53,1286.5,1273.9,1278.53,3534596
1/4/2023 15:30:00,1278.5,1280.53,1257,1259.28,4275746
1/5/2023 15:30:00,1261.75,1268.2,1252,1257.03,6293519
1/6/2023 15:30:00,1263.33,1273.97,1259.15,1268.45,2930338
1/9/2023 15:30:00,1272.65,1301,1271.68,1298.4,4948549
1/10/2023 15:30:00,1303,1303,1273,1279.2,3713755
1/11/2023 15:30:00,1276.25,1279,1260.55,1263.08,5311657
1/12/2023 15:30:00,1262.43,1266.25,1232.5,1235.8,8163366
1/13/2023 15:30:00,1229.2,1236.45,1217.3,1233.8,9515473
1/16/2023 15:30:00,1236.35,1239.83,1213.5,1222.05,6287407
1/17/2023 15:30:00,1229,1241.5,1225.3,1239.4,4961585
1/18/2023 15:30:00,1236.75,1245.55,1230.18,1237.35,6206382
1/19/2023 15:30:00,1236.45,1240.58,1228.33,1236.03,5510333
1/20/2023 15:30:00,1237.5,1237.5,1218.63,1221.33,6890325
1/23/2023 15:30:00,1224.5,1233.1,1212.5,1215.15,5055324
1/24/2023 15:30:00,1220,1221.83,1193.68,1207.97,7609558
1/25/2023 15:30:00,1206.22,1207.35,1190,1191.28,5715684
1/27/2023 15:30:00,1192.2,1193.68,1155.83,1168.68,11920991
1/30/2023 15:30:00,1165.85,1185.95,1150.5,1179.88,10047822
1/31/2023 15:30:00,1191,1193.83,1170.5,1176.93,10472167
2/1/2023 15:30:00,1189.97,1189.97,1152.5,1169.95,8929007
2/2/2023 15:30:00,1159,1174,1155.5,1163.47,6305317
2/3/2023 15:30:00,1174.5,1174.5,1146.5,1164.5,11398850
2/6/2023 15:30:00,1157.5,1160.5,1152.9,1155.72,6847679
2/7/2023 15:30:00,1156,1163.7,1146.5,1152.95,6985001
2/8/2023 15:30:00,1156.5,1179.95,1153.5,1175.97,9765490
2/9/2023 15:30:00,1176.72,1185.43,1167,1178.03,6079228
2/10/2023 15:30:00,1177.45,1177.45,1160.65,1168.33,4979789
2/13/2023 15:30:00,1170.1,1175,1156.78,1161.68,4777674
2/14/2023 15:30:00,1164.97,1190.95,1161.83,1189.05,6609564
2/15/2023 15:30:00,1188,1218.6,1186.5,1215.97,15461902
2/16/2023 15:30:00,1224.72,1231.9,1212.53,1215.03,7967558
2/17/2023 15:30:00,1210,1223.75,1205.3,1220.1,5450092
2/20/2023 15:30:00,1222.5,1224.88,1205.05,1207.2,4078245
2/21/2023 15:30:00,1212,1223.4,1206.18,1217.05,6143298
2/22/2023 15:30:00,1212.97,1215,1187.53,1189.45,5087729
2/23/2023 15:30:00,1189,1197.38,1180.68,1183.75,4546655
2/24/2023 15:30:00,1186,1198.08,1184,1191.85,4353814
2/27/2023 15:30:00,1191,1194.83,1175.85,1183.93,5168667
2/28/2023 15:30:00,1178.05,1183.5,1156.83,1161.28,10150245
3/1/2023 15:30:00,1172,1172.75,1161.63,1171.95,5330852
3/2/2023 15:30:00,1168.5,1175.83,1160.8,1163.03,4307425
3/3/2023 15:30:00,1174.58,1196.72,1170.78,1192.7,6758115
3/6/2023 15:30:00,1200,1212.3,1200,1204.35,4694338
3/8/2023 15:30:00,1204.35,1209.5,1192.5,1208.68,7283694
3/9/2023 15:30:00,1208,1208.45,1177.55,1179.63,7492509
3/10/2023 15:30:00,1170.75,1172,1157.53,1161.35,6153681
3/13/2023 15:30:00,1164.5,1172,1137.5,1142.25,5894088
3/14/2023 15:30:00,1140,1152.47,1134.53,1137.97,7396699
3/15/2023 15:30:00,1142.05,1149.15,1113.7,1118.53,10027725
3/16/2023 15:30:00,1121.5,1127,1101.1,1112.95,8474595
3/17/2023 15:30:00,1122.38,1125.97,1106.35,1111.55,15697554
3/20/2023 15:30:00,1107.5,1110,1090,1100.63,9010595
3/21/2023 15:30:00,1109.47,1137,1108.5,1134.85,9876263
3/22/2023 15:30:00,1142.5,1145.72,1135,1138.3,5039622
3/23/2023 15:30:00,1134,1134.95,1121.53,1123.9,7499082
3/24/2023 15:30:00,1122.63,1125,1099,1101.65,5711497
3/27/2023 15:30:00,1108.75,1127,1100.1,1118.78,6486068
3/28/2023 15:30:00,1122.5,1128.25,1118.5,1124,5804018
3/29/2023 15:30:00,1119.5,1122.4,1105.55,1117.35,8678073
3/31/2023 15:30:00,1127.5,1171.72,1127.35,1165.53,13001005
4/3/2023 15:30:00,1172.5,1174.5,1157.5,1165.72,4750238
4/5/2023 15:30:00,1174,1174,1154.28,1162.93,7505339
4/6/2023 15:30:00,1159.08,1177,1159.08,1170.72,8507771
4/10/2023 15:30:00,1175,1175.2,1160.78,1162.43,5981688
4/11/2023 15:30:00,1167,1170.5,1162.03,1168.18,4865301
4/12/2023 15:30:00,1168.18,1183.9,1165.03,1173.33,8389646
4/13/2023 15:30:00,1176.5,1182.9,1171,1177.75,5712541
4/17/2023 15:30:00,1212.47,1212.47,1174.53,1183.72,8274452
4/18/2023 15:30:00,1188.5,1188.5,1163,1170.18,4802172
4/19/2023 15:30:00,1169.53,1178.95,1166.1,1176,5664207
4/20/2023 15:30:00,1177.05,1179.5,1166.05,1173.03,3233882
4/21/2023 15:30:00,1175.33,1180.5,1168.2,1174.5,3529236
4/24/2023 15:30:00,1187.5,1190.45,1174,1179,5970048
4/25/2023 15:30:00,1183,1190.3,1175.25,1188.03,4262471
4/26/2023 15:30:00,1189.5,1193.05,1177.03,1181.05,3977129
4/27/2023 15:30:00,1187.5,1192,1182,1188.53,4230627
4/28/2023 15:30:00,1191,1211.95,1190.88,1210.25,7183342
5/2/2023 15:30:00,1218.1,1222.9,1214.05,1220.53,5991101
5/3/2023 15:30:00,1222.5,1222.5,1206.53,1210.05,3259053
5/4/2023 15:30:00,1210.58,1226.43,1207.3,1224,3985159
5/5/2023 15:30:00,1220.5,1230.68,1218,1220.88,4036548
5/8/2023 15:30:00,1225,1241.83,1222.08,1235.95,4224469
5/9/2023 15:30:00,1237.5,1243.4,1231.63,1239.78,2983468
5/10/2023 15:30:00,1245,1249.93,1240.6,1248.3,5017544
5/11/2023 15:30:00,1249.47,1254.75,1238.28,1240.15,4872451
5/12/2023 15:30:00,1234.9,1243.7,1228.25,1242.18,3209889
5/15/2023 15:30:00,1244.95,1252.28,1236.58,1244.63,3153587
5/16/2023 15:30:00,1247,1249.8,1225.08,1226.9,4023000
5/17/2023 15:30:00,1231.5,1232.5,1214.5,1219.65,4060722
5/18/2023 15:30:00,1224.78,1228.5,1213.58,1217.03,4857531
5/19/2023 15:30:00,1217.03,1222.97,1209.43,1220.97,3715280
5/22/2023 15:30:00,1217.5,1233,1216.18,1227.5,3431208
5/23/2023 15:30:00,1230.33,1234,1225.72,1227.28,2811473
5/24/2023 15:30:00,1222.95,1232,1216.72,1220.13,3743804
5/25/2023 15:30:00,1216.95,1224.5,1208.03,1219.97,5301647
5/26/2023 15:30:00,1229,1254.5,1225.38,1253.25,5827017
5/29/2023 15:30:00,1260.5,1265,1253.6,1260.3,4619754
5/30/2023 15:30:00,1260.3,1268.85,1257.18,1259.97,5234564
5/31/2023 15:30:00,1250,1254.93,1230.5,1234.95,12510304
6/1/2023 15:30:00,1240.08,1242.45,1229,1231.63,6734525
6/2/2023 15:30:00,1235.5,1241.43,1225.5,1227.6,7291995
6/5/2023 15:30:00,1233.6,1241.88,1229.22,1238.63,5034355
6/6/2023 15:30:00,1241.72,1243.85,1231,1239.68,3458161
6/7/2023 15:30:00,1243.5,1250,1236.3,1249.08,4759238
6/8/2023 15:30:00,1253,1258.43,1245.5,1249.83,5570815
6/9/2023 15:30:00,1253.5,1254.28,1239,1240.97,2712243
6/12/2023 15:30:00,1237.75,1244.6,1232.5,1242.08,2949893
6/13/2023 15:30:00,1247.5,1261.72,1243.13,1260.43,5190958
6/14/2023 15:30:00,1260.5,1277.5,1258.5,1275.93,6127509
6/15/2023 15:30:00,1275.9,1281.28,1267.75,1276.28,5451926
6/16/2023 15:30:00,1280.1,1291.2,1280.1,1288.7,11155180
6/19/2023 15:30:00,1292,1292,1271.33,1275.9,3137532
6/20/2023 15:30:00,1273.78,1282,1267.5,1278.55,3194085
6/21/2023 15:30:00,1278.5,1284.93,1274,1282.15,3212779
6/22/2023 15:30:00,1278,1286.65,1266,1267.75,3516244
6/23/2023 15:30:00,1264.45,1266.7,1256,1257.38,3059084
6/26/2023 15:30:00,1253.5,1257.7,1244.35,1247.78,5833893
6/27/2023 15:30:00,1248.28,1254.75,1243.33,1248.22,4471687
6/28/2023 15:30:00,1256.5,1268.93,1248.93,1264.75,5239872
6/30/2023 15:30:00,1273.2,1278.33,1266.72,1275.13,5146441
7/3/2023 15:30:00,1279.03,1311,1277.68,1307.85,5609248
7/4/2023 15:30:00,1312.5,1312.5,1286.63,1294.38,3720447
7/5/2023 15:30:00,1304.5,1304.5,1287.9,1292.25,4729479
7/6/2023 15:30:00,1288.03,1322.23,1288.03,1319.38,8822948
7/7/2023 15:30:00,1317.5,1332.48,1314,1316.8,6172684
7/10/2023 15:30:00,1344.45,1378,1337.5,1367.53,15340262
7/11/2023 15:30:00,1376.45,1385,1368.8,1382.35,9262001
7/12/2023 15:30:00,1383.15,1401,1380.83,1383.88,8645662
7/13/2023 15:30:00,1391.95,1399.5,1368.63,1371.5,6776172
7/14/2023 15:30:00,1375,1380.45,1362.55,1370.35,6979790
7/17/2023 15:30:00,1373.5,1407.53,1364,1398.35,10254545
7/18/2023 15:30:00,1408.5,1418.73,1396.5,1410.23,11937761
7/19/2023 15:30:00,1415,1428,1398.5,1420.93,18054869
7/20/2023 15:30:00,1290,1315.48,1290,1309.93,19358812
7/21/2023 15:30:00,1304.5,1307.45,1261.8,1269.38,15124619
7/24/2023 15:30:00,1240.5,1257.47,1234.65,1243.7,11863933
7/25/2023 15:30:00,1247,1252.6,1240,1242.9,6013010
7/26/2023 15:30:00,1242.5,1273.5,1242.5,1263.1,6455506
7/27/2023 15:30:00,1267.03,1268.83,1245.18,1251.35,8613449
7/28/2023 15:30:00,1256.03,1271.43,1250.28,1263.93,10413926
7/31/2023 15:30:00,1263.93,1276.95,1258.97,1274.63,4275587
8/1/2023 15:30:00,1277.5,1279.5,1252.65,1256.6,4768316
8/2/2023 15:30:00,1254.6,1256,1231.8,1243.18,6374107
8/3/2023 15:30:00,1237.65,1250.45,1229.03,1237.95,5084175
8/4/2023 15:30:00,1249.4,1258,1235.8,1254.78,11442805
8/7/2023 15:30:00,1260.5,1264.2,1252.5,1261.93,2991435
8/8/2023 15:30:00,1264,1267.22,1249.78,1254.33,4922036
8/9/2023 15:30:00,1252.43,1264.5,1240.55,1262.6,5743293
8/10/2023 15:30:00,1262.47,1275,1254.22,1268.22,7735299
8/11/2023 15:30:00,1266.22,1279.43,1256.18,1273.58,11089665
8/14/2023 15:30:00,1269.5,1291.15,1262.5,1288.63,4787906
8/16/2023 15:30:00,1275.5,1291.4,1275.5,1287.58,5101556
8/17/2023 15:30:00,1283.55,1289.05,1266.43,1269,6836872
8/18/2023 15:30:00,1265.63,1288.8,1254.28,1278.4,9319989
8/21/2023 15:30:00,1269.97,1277.72,1257.83,1260,4610873
8/22/2023 15:30:00,1258.45,1268.97,1249.5,1259.7,3856522
8/23/2023 15:30:00,1262.1,1271.43,1258.47,1261.1,4758976
8/24/2023 15:30:00,1269.95,1269.95,1235.5,1239.9,7070010
8/25/2023 15:30:00,1228,1252.5,1221.3,1234.18,11111200
8/28/2023 15:30:00,1236,1242,1215.55,1221.88,6290413
8/29/2023 15:30:00,1226.03,1226.72,1204.08,1210.18,8438322
8/30/2023 15:30:00,1216,1221.5,1207.5,1209.03,6084473
8/31/2023 15:30:00,1211.5,1212.5,1199.95,1203.5,10819300
9/1/2023 15:30:00,1203.28,1212.83,1200.83,1206.33,9056421
9/4/2023 15:30:00,1206.33,1211.83,1202.65,1205.35,4673813
9/5/2023 15:30:00,1210,1216.97,1206.22,1211.8,4337938
9/6/2023 15:30:00,1210.55,1218.08,1208.63,1214.35,4100185
9/7/2023 15:30:00,1210.85,1219.13,1205.5,1216,6826286
9/8/2023 15:30:00,1220,1228,1211.47,1224.1,11554644
9/11/2023 15:30:00,1226,1238.43,1226,1237.3,6635537
9/12/2023 15:30:00,1241.5,1241.5,1217.97,1219.43,8127833
9/13/2023 15:30:00,1220,1231.33,1213.13,1225.53,6401669
9/14/2023 15:30:00,1230,1232.9,1222.5,1226.65,4604818
9/15/2023 15:30:00,1234,1234,1224.75,1228.93,12734296
9/18/2023 15:30:00,1220.03,1225.5,1216.03,1218.22,3758150
9/20/2023 15:30:00,1211.53,1213.8,1177.5,1191.08,28540942
9/21/2023 15:30:00,1187.47,1195.05,1180,1182.4,6113091
9/22/2023 15:30:00,1188,1191.22,1175,1177.47,9588393
9/25/2023 15:30:00,1175.2,1180.35,1167.55,1170.22,7127442
9/26/2023 15:30:00,1169.28,1175.1,1167.8,1171.25,5043891
9/27/2023 15:30:00,1171.75,1185.9,1169.25,1184.45,5861389
9/28/2023 15:30:00,1191.5,1191.5,1162.5,1167.05,7259173
9/29/2023 15:30:00,1170.9,1184.55,1167.05,1172.5,6171007
10/3/2023 15:30:00,1164.97,1167.8,1158,1159.08,4429528
10/4/2023 15:30:00,1154.5,1159.5,1147.55,1157.08,5143193
10/5/2023 15:30:00,1159.63,1164.7,1154.5,1157.05,5476841
10/6/2023 15:30:00,1158.53,1162.4,1156.03,1159,2715513
10/9/2023 15:30:00,1154.05,1155.97,1147.5,1149.13,3788439
10/10/2023 15:30:00,1153.28,1158.95,1151.88,1154.2,5118016
10/11/2023 15:30:00,1157.22,1174.85,1156.5,1172.53,4907059
10/12/2023 15:30:00,1171.93,1179.68,1169.08,1174.7,6277225
10/13/2023 15:30:00,1170,1178.75,1164.58,1174.65,5075158
10/16/2023 15:30:00,1172.5,1177.28,1168,1172.03,2964518
10/17/2023 15:30:00,1178,1179.85,1170.65,1177.63,3964090
10/18/2023 15:30:00,1177.63,1183.5,1160.5,1162,4459160
10/19/2023 15:30:00,1156,1160.9,1150.5,1153.08,6016278
10/20/2023 15:30:00,1150,1157.35,1148.15,1149.55,4456656
10/23/2023 15:30:00,1145,1153.13,1127.63,1131.6,3926981
10/25/2023 15:30:00,1125.03,1140.6,1121.5,1128.97,5810344
10/26/2023 15:30:00,1125.5,1129,1110.15,1113.25,7611267
10/27/2023 15:30:00,1120,1136.75,1117.97,1132.9,5885542
10/30/2023 15:30:00,1137,1162.5,1134.97,1156.25,8406652
10/31/2023 15:30:00,1164,1164,1141.45,1143.95,6404219
11/1/2023 15:30:00,1144.58,1158.75,1137.6,1148.7,5154595
11/2/2023 15:30:00,1156.97,1162.15,1153.97,1160.1,5281052
11/3/2023 15:30:00,1163.6,1167.47,1157.88,1159.85,4425078
11/6/2023 15:30:00,1166.15,1170,1162.8,1169.5,5323652
11/7/2023 15:30:00,1167.03,1169.55,1159.78,1161.9,3480102
11/8/2023 15:30:00,1166,1170.5,1160.88,1167.95,3942247
11/9/2023 15:30:00,1167.93,1167.95,1152.1,1155.28,7256805
11/10/2023 15:30:00,1152.78,1158.18,1149.03,1157.45,3867477
11/13/2023 15:30:00,1161.45,1162.3,1155.85,1157.3,1927405
11/15/2023 15:30:00,1170,1180.97,1163.5,1178.22,6110324
11/16/2023 15:30:00,1175.55,1187.08,1173.47,1180.35,6567455
11/17/2023 15:30:00,1176.45,1186.63,1176.03,1177.78,3879317
11/20/2023 15:30:00,1174.28,1179.2,1168.2,1174.68,2245093
11/21/2023 15:30:00,1183,1194,1180.1,1189.45,4107225
11/22/2023 15:30:00,1187.5,1197.22,1186.1,1194.1,4267407
11/23/2023 15:30:00,1194.1,1200,1194.1,1197.75,4265771
11/24/2023 15:30:00,1195.8,1201.3,1195.53,1196.95,3374743
11/28/2023 15:30:00,1196.95,1199.85,1187.63,1197.2,6896087
11/29/2023 15:30:00,1204,1205.97,1199.03,1200.35,6265653
11/30/2023 15:30:00,1197.35,1200.35,1184.95,1188.72,14219992
12/1/2023 15:30:00,1189,1198.2,1188.8,1197.15,7171421
12/4/2023 15:30:00,1225,1225,1199.3,1210.1,7795495
12/5/2023 15:30:00,1219.5,1220.43,1210.83,1218.88,6346812
12/6/2023 15:30:00,1223.55,1236.47,1217.5,1230.55,8211221
12/7/2023 15:30:00,1230,1230.47,1221,1228.53,4071048
12/8/2023 15:30:00,1231.93,1238.35,1222.5,1227.88,5102447
12/11/2023 15:30:00,1228,1233.8,1226.2,1229.68,3533069
12/12/2023 15:30:00,1230,1232.47,1210.08,1212.03,4598562
12/13/2023 15:30:00,1211,1219.18,1203.15,1216.97,5015591
12/14/2023 15:30:00,1227,1237.47,1221.33,1232.08,8486177
12/15/2023 15:30:00,1239,1250,1235.03,1247.8,7966076
12/18/2023 15:30:00,1247.8,1267.45,1245.47,1260.5,7082594
12/19/2023 15:30:00,1277.5,1286.95,1262.6,1279.05,8410302
12/20/2023 15:30:00,1285.53,1299.43,1260,1263.58,8868361
12/21/2023 15:30:00,1263.5,1286.75,1259.13,1281.28,6882727
12/22/2023 15:30:00,1279.8,1290.45,1273.83,1282.53,8270892
12/26/2023 15:30:00,1284,1295.97,1281.35,1289.03,3732832
12/27/2023 15:30:00,1291,1299.95,1286.55,1293.43,4602078
12/28/2023 15:30:00,1294.9,1306,1293.43,1302.78,6151318
12/29/2023 15:30:00,1305.55,1307,1289.65,1292.47,5432292
1/1/2024 15:30:00,1290.28,1303.43,1286.58,1295.13,2015270
1/2/2024 15:30:00,1292.5,1307.5,1286.5,1305.85,3724400
1/3/2024 15:30:00,1305,1317,1288.6,1291.65,4518768
1/4/2024 15:30:00,1294,1304.93,1289.55,1298.33,4806389
1/5/2024 15:30:00,1301.45,1309.93,1299,1303.85,4043203
1/8/2024 15:30:00,1305,1315.98,1284.47,1293.68,3867326
1/9/2024 15:30:00,1300,1303.4,1288.6,1290.25,2701537
1/10/2024 15:30:00,1288.5,1329.5,1287.53,1325.05,5551370
1/11/2024 15:30:00,1329.5,1362.5,1328.5,1359.9,11862926
1/12/2024 15:30:00,1359.9,1373.33,1345.75,1370.73,7506082
1/15/2024 15:30:00,1375,1396.45,1366,1394.13,4305297
1/16/2024 15:30:00,1389.98,1396.3,1370.5,1374.63,4534512
1/17/2024 15:30:00,1359.5,1386.28,1355.03,1361.58,6098691
1/18/2024 15:30:00,1351.4,1371,1351.25,1367.95,5139719
1/19/2024 15:30:00,1376,1376,1359,1367.45,5211352
1/23/2024 15:30:00,1371.75,1371.75,1322.55,1328.58,10027710
1/24/2024 15:30:00,1335.23,1349.5,1323.93,1343.88,10959564
1/25/2024 15:30:00,1342.95,1364.15,1335.2,1353.08,5904436
1/29/2024 15:30:00,1364.5,1452.5,1360.18,1448.05,11946719
1/30/2024 15:30:00,1459.95,1459.98,1404.43,1407.63,7046989
1/31/2024 15:30:00,1404,1434.25,1402.5,1426.63,7565113
2/1/2024 15:30:00,1435,1443.35,1418.05,1426.65,6674681
2/2/2024 15:30:00,1433.18,1474.9,1433.18,1457.7,9826294
2/5/2024 15:30:00,1460.75,1470.5,1431.53,1439.03,4407216
2/6/2024 15:30:00,1441.85,1441.85,1419.83,1427.8,4523992
2/7/2024 15:30:00,1435.93,1449.5,1429.25,1442.15,4648284
2/8/2024 15:30:00,1450,1459.48,1427.53,1450.13,7347317
2/9/2024 15:30:00,1454,1471.98,1450.95,1460.75,6278399
2/12/2024 15:30:00,1460.75,1461,1442.35,1452.35,3337215
2/13/2024 15:30:00,1455.5,1479,1454,1465.1,3857797
2/14/2024 15:30:00,1457.5,1483.65,1457.5,1481.38,3558944
2/15/2024 15:30:00,1483.35,1484.73,1466.53,1470.6,5003391
2/16/2024 15:30:00,1476.48,1477,1458.55,1460.58,4883749
2/19/2024 15:30:00,1462.05,1479.5,1453.53,1474,3364914
2/20/2024 15:30:00,1475.03,1475.5,1461.8,1471.03,3558748
2/21/2024 15:30:00,1474,1488.53,1457.55,1467.7,6360146
2/22/2024 15:30:00,1468.15,1484.95,1458,1481.75,9246864
2/23/2024 15:30:00,1489.5,1497.55,1483.35,1493.63,7219292
2/26/2024 15:30:00,1493.55,1494.53,1482.5,1487.33,3756553
2/27/2024 15:30:00,1483.03,1499.95,1478.05,1485.65,5413022
2/28/2024 15:30:00,1483,1491.28,1450.18,1455.63,4323975
2/29/2024 15:30:00,1465,1478.98,1454.53,1460.8,11814488
3/1/2024 15:30:00,1463.5,1500,1462.5,1492.13,6066463
3/4/2024 15:30:00,1490.48,1512.45,1487.23,1507.4,5012210
3/5/2024 15:30:00,1505.78,1507.4,1486.05,1500.2,3553834
3/6/2024 15:30:00,1493.45,1509,1478.5,1503,3902838
3/7/2024 15:30:00,1502.98,1503.1,1475.55,1478.93,4157863
3/11/2024 15:30:00,1489,1489,1463.5,1466.6,5638565
3/12/2024 15:30:00,1466.6,1488,1465.03,1475.43,4716339
3/13/2024 15:30:00,1479.78,1483.1,1427.78,1432.18,6761067
3/14/2024 15:30:00,1439.7,1448.53,1425.5,1431.48,9285551
3/15/2024 15:30:00,1425.95,1433.23,1412.9,1418.23,9611909
3/18/2024 15:30:00,1420,1441.73,1416.53,1439.48,4584696
3/19/2024 15:30:00,1428.75,1437.6,1417.25,1425.25,4137882
3/20/2024 15:30:00,1427.95,1445,1424.03,1443.75,4244403
3/21/2024 15:30:00,1452.53,1457.9,1444.68,1450.98,6503468
3/22/2024 15:30:00,1449.98,1460,1447.35,1455.03,9763804
3/26/2024 15:30:00,1445,1452.4,1439,1441.58,5707953
3/27/2024 15:30:00,1448,1500,1447,1492.85,8163322
3/28/2024 15:30:00,1492.88,1505.95,1478.65,1485.85,10927182
4/1/2024 15:30:00,1492.48,1493.98,1482.5,1484.78,2506940
4/2/2024 15:30:00,1484,1494,1475,1486.95,4455083
4/3/2024 15:30:00,1482.08,1484.45,1468.9,1471.6,3504146
4/4/2024 15:30:00,1479.75,1479.75,1450,1462.93,7245136
4/5/2024 15:30:00,1460.88,1470.8,1456,1460.1,3721149
4/8/2024 15:30:00,1462.98,1490.98,1461,1485.98,4178559
4/9/2024 15:30:00,1489,1489.8,1462.5,1463.65,3535707
4/10/2024 15:30:00,1466.35,1487,1466.35,1477.5,4569165
4/12/2024 15:30:00,1475.88,1486.48,1463.08,1467.15,7775506
4/15/2024 15:30:00,1461,1482.13,1446.33,1464.83,6451031
4/16/2024 15:30:00,1453.35,1471.18,1450.93,1465.75,4683092
4/18/2024 15:30:00,1463.5,1486,1459.35,1464.33,9502846
4/19/2024 15:30:00,1456.78,1474,1443.03,1470.13,7870889
4/22/2024 15:30:00,1472.45,1482.83,1467.8,1479.85,5175181
4/23/2024 15:30:00,1479,1493.5,1455.55,1459.33,7302777
4/24/2024 15:30:00,1463.5,1468.55,1449.5,1450.18,5231388
4/25/2024 15:30:00,1442.5,1467.98,1441.5,1459.98,7971963
4/26/2024 15:30:00,1463.95,1465,1450,1452.55,4706924
4/29/2024 15:30:00,1450,1467.9,1450,1465.03,3623987
4/30/2024 15:30:00,1468,1483.08,1462.88,1467,5737131
5/2/2024 15:30:00,1472,1477.33,1464.13,1466.55,7256323
5/3/2024 15:30:00,1471,1474.95,1416.15,1434,8613479
5/6/2024 15:30:00,1435.5,1440,1418,1419.53,3697104
5/7/2024 15:30:00,1415.98,1420.75,1392,1401.48,7258736
5/8/2024 15:30:00,1397.5,1432.95,1397.5,1418.55,4719501
5/9/2024 15:30:00,1413,1423.75,1390,1394.13,5504806
5/10/2024 15:30:00,1396.75,1410,1388.08,1407.43,5252548
5/13/2024 15:30:00,1399.9,1406.98,1384,1402.7,4228310
5/14/2024 15:30:00,1400.98,1427.08,1400.03,1420.08,3594150
5/15/2024 15:30:00,1420.5,1429.98,1413.03,1416.28,2523267
5/16/2024 15:30:00,1418.55,1427.5,1398.03,1425.35,7355887
5/17/2024 15:30:00,1423.05,1437.2,1413.25,1435.7,5458238
5/21/2024 15:30:00,1425.6,1441.83,1425.6,1436.13,5588064
5/22/2024 15:30:00,1436.28,1468.78,1436.28,1460.65,5140802
5/23/2024 15:30:00,1458.55,1492.23,1455,1486.05,7304130
5/24/2024 15:30:00,1483.63,1488.5,1476.1,1480.25,3547388
5/27/2024 15:30:00,1480.23,1484.9,1461.55,1466.25,3314505
5/28/2024 15:30:00,1468,1478.5,1452.75,1456.2,3910081
5/29/2024 15:30:00,1446.5,1458,1438.45,1440.78,3691778
5/30/2024 15:30:00,1435.5,1440.4,1420.1,1424.85,6603429
5/31/2024 15:30:00,1431.3,1442.25,1422.25,1430.4,15534916
6/3/2024 15:30:00,1483,1514.5,1459,1510.33,10763971
6/4/2024 15:30:00,1498.05,1498.05,1359.3,1397.28,18354549
6/5/2024 15:30:00,1422,1431.15,1384.1,1420.75,8732445
6/6/2024 15:30:00,1435,1443.7,1421.35,1431.6,8927861
6/7/2024 15:30:00,1428.5,1472,1426.5,1469.95,9279348
6/10/2024 15:30:00,1469.95,1493.35,1468.08,1471.4,4625880
6/11/2024 15:30:00,1469,1473.68,1454.68,1456.68,5887451
6/12/2024 15:30:00,1457.5,1476,1455.18,1463.33,5040871
6/13/2024 15:30:00,1472,1472.25,1460.1,1465.25,4590580
6/14/2024 15:30:00,1470,1479.68,1457.23,1477.55,4078999
6/18/2024 15:30:00,1487.35,1487.4,1471.35,1481.03,3598383
6/19/2024 15:30:00,1487.5,1487.5,1456,1458.65,4362937
6/20/2024 15:30:00,1459,1482.85,1450.1,1473.7,8056888
6/21/2024 15:30:00,1473.63,1474.7,1440.58,1454.2,15585180
6/24/2024 15:30:00,1445.53,1449.5,1437.5,1441.48,4439193
6/25/2024 15:30:00,1443,1455.93,1441,1454.15,3522693
6/26/2024 15:30:00,1446.05,1518.98,1445.13,1514.03,11007441
6/27/2024 15:30:00,1513.75,1537.5,1506,1530.55,14191515
6/28/2024 15:30:00,1531.03,1581,1531.03,1565.4,14478668
7/1/2024 15:30:00,1562.53,1579.4,1555.68,1560.15,3862153
7/2/2024 15:30:00,1569.5,1573.5,1557,1565.18,3874623
7/3/2024 15:30:00,1566.33,1575,1542.78,1552.43,4524810
7/4/2024 15:30:00,1557,1567.5,1550.8,1554.03,3418588
7/5/2024 15:30:00,1553.83,1598.5,1548,1588.63,6134855
7/8/2024 15:30:00,1589,1608.8,1582.53,1600.9,4750403
7/9/2024 15:30:00,1597.6,1600.5,1580.5,1590.28,3480001
7/10/2024 15:30:00,1595,1597.5,1563.15,1584.23,3567289
7/11/2024 15:30:00,1587.5,1604.25,1570.5,1580.65,5970473
7/12/2024 15:30:00,1584.5,1605.15,1574.5,1596.73,6462392
7/15/2024 15:30:00,1604.45,1605.85,1585.5,1597.23,2664844
7/16/2024 15:30:00,1593.5,1600,1569.13,1576.25,4693419
7/18/2024 15:30:00,1576,1593.9,1557.83,1586.68,6149187
7/19/2024 15:30:00,1586,1589.98,1552.8,1555.15,6570195
7/22/2024 15:30:00,1537.25,1537.5,1499.28,1500.68,9837188
7/23/2024 15:30:00,1501,1505.75,1463,1487.9,9026022
7/24/2024 15:30:00,1485,1509.5,1476.4,1495.7,5956681
7/25/2024 15:30:00,1481,1500.48,1477.08,1492.4,6259938
7/26/2024 15:30:00,1492.4,1512.43,1490.35,1509.03,4929970
7/29/2024 15:30:00,1511.95,1527.5,1511.78,1520.1,3769275
7/30/2024 15:30:00,1517.03,1525,1510,1513.15,4114104
7/31/2024 15:30:00,1504,1510.45,1501.15,1505.43,5028673
8/1/2024 15:30:00,1512,1518,1504.3,1515.3,5382111
8/2/2024 15:30:00,1505,1509.33,1493.28,1499.33,5134124
8/5/2024 15:30:00,1480,1483.9,1433.25,1447.33,8523352
8/6/2024 15:30:00,1455.15,1477.5,1451.33,1456.05,5118093
8/7/2024 15:30:00,1469,1472.5,1461.5,1464.83,4087284
8/8/2024 15:30:00,1457.53,1465,1445.93,1449.13,6193596
8/9/2024 15:30:00,1460,1476.5,1456,1474.3,3124888
8/12/2024 15:30:00,1470,1473,1457.75,1460.63,4092292
8/13/2024 15:30:00,1460.75,1470.08,1458,1463.63,3132532
8/14/2024 15:30:00,1463.55,1472,1453.7,1461.85,3133733
8/16/2024 15:30:00,1468.65,1480.4,1458.05,1478.2,4708451
8/19/2024 15:30:00,1482.5,1498.3,1480.5,1488.4,6898871
8/20/2024 15:30:00,1497.23,1503.93,1490.03,1495.95,4205904
8/21/2024 15:30:00,1493.25,1507.88,1490,1498.68,3884998
8/22/2024 15:30:00,1503,1506.5,1490.65,1498.13,5222891
8/23/2024 15:30:00,1503.75,1511.33,1498.43,1499.98,4624827
8/26/2024 15:30:00,1506.98,1523,1503,1512.6,4408057
8/27/2024 15:30:00,1510.5,1513.48,1499.45,1500.45,3125578
8/28/2024 15:30:00,1505,1507.48,1493,1498.3,4805143
8/29/2024 15:30:00,1503.1,1537,1494,1520.93,19167679
8/30/2024 15:30:00,1534,1539.73,1503.33,1509.63,20810365
9/2/2024 15:30:00,1510.88,1526.8,1506.63,1516.25,5620426
9/3/2024 15:30:00,1521.25,1523,1507.5,1509.13,5461900
9/4/2024 15:30:00,1500.7,1517.5,1499.5,1514.55,5991652
9/5/2024 15:30:00,1519.05,1525.78,1487.05,1492.98,8132084
9/6/2024 15:30:00,1492.5,1497,1461.63,1464.83,9697114
9/9/2024 15:30:00,1466.5,1469.93,1455.6,1462.45,4505149
9/10/2024 15:30:00,1460.5,1472.05,1457.58,1461.53,5384130
9/11/2024 15:30:00,1463.05,1468.75,1447.55,1451.5,4880101
9/12/2024 15:30:00,1457,1486,1445.88,1479.8,11174688
9/13/2024 15:30:00,1476.4,1483.15,1469.5,1472.63,4355664
9/16/2024 15:30:00,1477.55,1480.9,1464.75,1471.35,2740887
9/17/2024 15:30:00,1474,1477.48,1466.63,1472.3,2967664
9/18/2024 15:30:00,1470,1482,1460.55,1463.45,4287357
9/19/2024 15:30:00,1466.25,1476.5,1455.55,1469.68,8477951
9/20/2024 15:30:00,1474,1495,1471.38,1485.93,15448660
9/23/2024 15:30:00,1491,1501.5,1488.95,1493.38,4416157
9/24/2024 15:30:00,1488.5,1500.5,1487.88,1489.38,8568722
9/25/2024 15:30:00,1483.9,1496.5,1480.2,1493.95,3534501
9/26/2024 15:30:00,1490.65,1504,1488.05,1497.95,9409499
9/27/2024 15:30:00,1499,1533.48,1492,1526.18,10298739
9/30/2024 15:30:00,1519.4,1524.98,1474.4,1476.58,13504407
10/1/2024 15:30:00,1480.65,1487.95,1462.83,1464.83,8215821
10/3/2024 15:30:00,1436.58,1449.4,1402.08,1406.98,18878647
10/4/2024 15:30:00,1403.93,1417.35,1381.78,1386.53,18536438
10/7/2024 15:30:00,1393.5,1396.5,1361.38,1370.73,11090670
10/8/2024 15:30:00,1372.98,1401,1365.1,1397.35,8510404
10/9/2024 15:30:00,1397.53,1400.98,1372.5,1374.6,7155305
10/10/2024 15:30:00,1380.03,1386,1369.43,1371.05,11179323
10/11/2024 15:30:00,1370,1383.28,1368.83,1372.1,3990061
10/14/2024 15:30:00,1379.45,1380.08,1368.25,1372.53,6110716
10/15/2024 15:30:00,1358.53,1371.7,1340.7,1344.03,16881397
10/16/2024 15:30:00,1340,1364,1337.63,1354.08,10017219
10/17/2024 15:30:00,1365.7,1368.45,1352.05,1356.43,7771830
10/18/2024 15:30:00,1352.18,1368.43,1341.33,1359.3,6041226
10/21/2024 15:30:00,1367.13,1374,1357.73,1369.2,7033704
10/22/2024 15:30:00,1369.2,1376,1340.23,1343.35,7915980
10/23/2024 15:30:00,1337.5,1357.48,1335,1338.53,8607371
10/24/2024 15:30:00,1335.28,1343.7,1323.13,1339.8,11077967
10/25/2024 15:30:00,1343.5,1344.35,1322,1327.85,9298748
10/28/2024 15:30:00,1337,1353,1322.1,1334.35,10824350
10/29/2024 15:30:00,1328.1,1343.2,1320.3,1340,12008361
10/30/2024 15:30:00,1335,1350,1325.35,1343.9,11984423
10/31/2024 15:30:00,1340,1343,1326.15,1332.05,9331650
11/4/2024 15:30:00,1337.85,1340,1285.1,1302.15,19796890
11/5/2024 15:30:00,1293,1309.55,1286.15,1305.3,16267479
11/6/2024 15:30:00,1310,1328.3,1300.2,1325.35,21625209
11/7/2024 15:30:00,1324,1324,1302.6,1305.65,9611974
11/8/2024 15:30:00,1297.65,1301.65,1275,1283.75,19814406
11/11/2024 15:30:00,1278.95,1286,1267,1272.7,9056552
11/12/2024 15:30:00,1275.55,1289.3,1267.5,1274.25,10671091
11/13/2024 15:30:00,1270.25,1275.45,1249.5,1252.05,14633633
11/14/2024 15:30:00,1253.6,1272.6,1251.1,1267.6,12612633